1.0, 0.9999999999999999, 1.0, 0.9912584657283123, 0.9880024228350166, 0.993061304945983, 0.9925854955468155, 0.9933045287310711, 0.9905807898328549,0.0, 14.08956931709669, 10.78039253768644, 4.614876640070683, 6.38991833568631, 8.9495557400633, 9.65693146549972, 10.42607522758762, 7.504272120850582,1
1.0, 1.0, 1.0, 0.9913672836395078, 0.9884071380056964, 0.9934078118248579, 0.9932471591068751, 0.9935348343447803, 0.9906374246710946,0.0, 14.21401978994457, 10.91910151743641, 4.679876688536298, 6.496307993052758, 9.079578830931844, 9.802282885125116, 10.54525158365799, 7.592534803409127,1
1.0, 0.9999999999999999, 0.9999999999999998, 0.9926972776522951, 0.9927231218815732, 0.995213237390437, 0.9942574198884532, 0.9942863879089585, 0.9919877099299854,0.0, 15.22988328318267, 12.21984346660288, 5.4343318697073, 7.869765541764788, 10.33517124132799, 10.90539413918462, 11.54392244840103, 8.473853597058849,1
1.0, 0.9999999999999998, 1.0, 0.9916566780782348, 0.9887702567050907, 0.9935304605614086, 0.9932608106867995, 0.993762121066651, 0.9913224300196396,0.0, 14.3528934514592, 11.06158308829633, 4.76449483639558, 6.62847077018879, 9.218987554389615, 9.946740461762555, 10.67892284813938, 7.712194414424571,1
1.0, 1.0, 1.0, 0.9917262849249452, 0.9896383261923882, 0.9939777723678603, 0.9937005695854743, 0.9937060775166208, 0.9907319436971913,0.0, 14.37009608044669, 11.16856237148752, 4.806158080668216, 6.764061591858062, 9.314766897928429, 9.993584451066642, 10.69740802717927, 7.702048504349389,1
1.0, 0.9999999999999999, 0.9999999999999999, 0.9920227937392622, 0.9904194938525499, 0.9943954090503158, 0.9941687036885198, 0.9940203864359322, 0.9912446059132103,0.0, 14.64635761589136, 11.49994874002094, 4.993053233568342, 7.093733718543094, 9.635706294815272, 10.29701457106455, 10.9664786559696, 7.931248368895278,1
1.0, 0.9999999999999999, 1.0, 0.9921524999729313, 0.9917474871346084, 0.9947151198139309, 0.9937535957683374, 0.9937719662080721, 0.9909264383803263,0.0, 14.9922430143159, 11.94911073080138, 5.266325872505496, 7.588759761396597, 10.07687736774812, 10.68012429163505, 11.31804712220701, 8.255616764782548,1
1.0, 1.0, 1.0, 0.9913985753595624, 0.9888112872191089, 0.9935220527136679, 0.9931894079579957, 0.9934722940393413, 0.9905205847928948,0.0, 14.35259921474883, 11.08493683435825, 4.772628942246679, 6.657197473534684, 9.242551924571275, 9.96554133629886, 10.68526295265548, 7.71025947911285,1
1.0, 1.0, 1.0, 0.9921270914921279, 0.9912594596864217, 0.9946137774145378, 0.9939520741753832, 0.9938586631153015, 0.9909633547181236,0.0, 14.7675597972311, 11.6620599726978, 5.102807534530184, 7.287052870529953, 9.792358974368529, 10.41393682268474, 11.09138020639253, 8.066885015006479,1
1.0, 1.0, 0.9999999999999999, 0.9925192754481483, 0.992017275499273, 0.9948689472213419, 0.9939535590875179, 0.9941009035348268, 0.991712378549673,0.0, 14.97577500341814, 11.90477634292016, 5.246226541674615, 7.533694314005061, 10.02870018759909, 10.63550604532472, 11.29405472482058, 8.247302130953914,1
1.0, 1.0, 1.0, 0.9913459084833377, 0.9879227849791169, 0.9930745462153268, 0.9927108782046252, 0.993396034683823, 0.9907211193342199,0.0, 13.94688957067734, 10.61076731828488, 4.514364722674082, 6.213822655407775, 8.779598479819873, 9.492448467973787, 10.28129963200919, 7.377665438495358,1
1.0, 1.0, 0.9999999999999998, 0.9921972849274793, 0.9910716201001749, 0.994411898718666, 0.9935330292769406, 0.9938873939170676, 0.991456772068916,0.0, 14.82851549266607, 11.69352613819599, 5.141254299486891, 7.322642133021527, 9.82887140925865, 10.45623374515211, 11.15167859908746, 8.145803769164619,1
1.0, 0.9999999999999998, 1.0, 0.9919534604985587, 0.9900254605578372, 0.9940863227597526, 0.9936157543530637, 0.9938375217090192, 0.9912050973122972,0.0, 14.4700085325262, 11.27888412959708, 4.888461399991725, 6.89744388202998, 9.42237239875227, 10.07384929963954, 10.79431264056391, 7.813993792877918,1
1.0, 0.9999999999999999, 0.9999999999999998, 0.9914777256197397, 0.9887547089038118, 0.9935361476499942, 0.9932659511861315, 0.9935712930795297, 0.9907351181316008,0.0, 14.2796134465296, 11.01811018636175, 4.737420586011347, 6.612607721057662, 9.175372188001868, 9.875336965982884, 10.61001055835507, 7.648430901729836,1
1.0, 0.9999999999999999, 0.9999999999999998, 0.9920961061823458, 0.9913503139525984, 0.9946497285069057, 0.9939602066013266, 0.9939104527456482, 0.9911191285236078,0.0, 14.97715914306953, 11.89082937755106, 5.248275534247876, 7.524844294814368, 10.02022996131223, 10.6312428420123, 11.29979473969917, 8.265657683910328,1
1.0, 0.9999999999999999, 1.0, 0.9921055566683803, 0.990802072078231, 0.9943986200070261, 0.9937608860815225, 0.9939029131173708, 0.9912854887962296,0.0, 14.72363612166472, 11.60289912144198, 5.071713856934195, 7.233756634848612, 9.738576392962637, 10.36404506740195, 11.04644419716667, 8.026756283198385,1
1.0, 1.0, 0.9999999999999999, 0.9917621172684611, 0.9895677520727404, 0.993785655589189, 0.9931521320917011, 0.9935442316413728, 0.9907646037833682,0.0, 14.22545362109306, 11.02641048840106, 4.740151303633296, 6.669254745381179, 9.177423946019392, 9.818930055463802, 10.55647026791824, 7.598396183424426,1
1.0, 0.9999999999999999, 1.0, 0.9919911941945386, 0.99034808056329, 0.9942193340581484, 0.993712369521682, 0.9939277091585409, 0.9914070252927367,0.0, 14.76500739276945, 11.59327576149248, 5.07132767428606, 7.18926165755671, 9.733436572768639, 10.40148705059799, 11.08724823697536, 8.070700075425595,1
1.0, 1.0, 1.0, 0.9920490071355635, 0.9912004404595779, 0.994607139463959, 0.9939886398500325, 0.9939012292504333, 0.9910604711277824,0.0, 14.94098874951721, 11.84271253155868, 5.219064732736232, 7.470407206016371, 9.973177423406412, 10.59222396536197, 11.26383534606653, 8.232823085142526,1
1.0, 1.0, 0.9999999999999999, 0.9919968290655435, 0.9907487192338931, 0.9944339303359008, 0.9939487816780969, 0.99393941422592, 0.9912268884547919,0.0, 14.89122946035501, 11.76732145163676, 5.162843683715443, 7.367522482073777, 9.90211589945247, 10.55609524773953, 11.21320255142911, 8.16722871858946,1
1.0, 0.9999999999999999, 1.0, 0.9916254613948987, 0.9893016525857006, 0.9936336721322641, 0.9929821150240715, 0.9935121635880676, 0.9908277611583906,0.0, 14.38292667442238, 11.14132215653561, 4.829488242719232, 6.765412428232306, 9.296141398140577, 9.963371509995289, 10.71467752306185, 7.771218633287113,1
1.0, 1.0, 0.9999999999999999, 0.9915230244915693, 0.9891753481641056, 0.9937572015162087, 0.9935087574507688, 0.9935997265356323, 0.9905998494136189,0.0, 14.38641099075268, 11.16725565097554, 4.810861082308882, 6.758507979349819, 9.31898152377577, 10.01201236755887, 10.71615719627737, 7.723039206017377,1
1.0, 0.9999999999999997, 1.0, 0.9911887828558156, 0.9879714900102348, 0.9932096266781842, 0.9930921204151097, 0.9933993213307414, 0.9903797092884298,0.0, 14.10425580039361, 10.79669061504796, 4.603765146782091, 6.372651628774509, 8.962135024232948, 9.694992269321496, 10.43859059222818, 7.488750703714118,1
1.0, 0.9999999999999999, 0.9999999999999999, 0.9916200033649906, 0.9891944106660546, 0.9937301557393396, 0.9934127104254575, 0.9936907710763722, 0.9909484106491553,0.0, 14.43742171382363, 11.17455625163323, 4.84023448470558, 6.762053648199346, 9.326959321004333, 10.02519677047046, 10.76508397377436, 7.80672711374373,1
1.0, 0.9999999999999999, 0.9999999999999999, 0.9925953757013276, 0.9927005171803345, 0.9952299135068213, 0.9943349369384805, 0.994234241929171, 0.9917583079934635,0.0, 15.26638350479207, 12.26237377024194, 5.456073009723807, 7.906705912173875, 10.37728534898621, 10.95215017359206, 11.58161466242976, 8.502985965494329,1
1.0, 0.9999999999999998, 1.0, 0.9915887061842225, 0.9890518468929058, 0.9936679221081685, 0.9933708745251927, 0.9936301431103723, 0.9908227438403994,0.0, 14.32458884540435, 11.0822300972526, 4.763731371255083, 6.668182909128436, 9.236191581617655, 9.938744901466208, 10.65363879109408, 7.671185084912627,1
1.0, 1.0, 1.0, 0.9920404322125081, 0.990216466032852, 0.9940576572975207, 0.9933418881077387, 0.9938211610943725, 0.9914242054922853,0.0, 14.57035047206604, 11.36727314613107, 4.953488416090224, 6.983323211200809, 9.511478648291275, 10.16755597841933, 10.89502891343585, 7.92257934390339,1
1.0, 1.0, 1.0, 0.9922247498783793, 0.9907588149661928, 0.9944836469426952, 0.994074454810674, 0.9940838199277874, 0.9915180419925648,0.0, 14.63041803152136, 11.48849272060204, 4.996714451616827, 7.101908957764318, 9.622044277368628, 10.26032041912912, 10.94908840534264, 7.932549741220396,1
1.0, 1.0, 1.0, 0.9921904985896081, 0.9908770336230575, 0.994332538066652, 0.9934799069573239, 0.9938843705761943, 0.9915043444845655,0.0, 14.74081785952604, 11.61674733409721, 5.088465240671433, 7.256984354835833, 9.754076960953428, 10.37387358000717, 11.06405013193637, 8.05306634545193,1
1.0, 0.9999999999999999, 0.9999999999999998, 0.9922964198218642, 0.9918424468790547, 0.9947791480192922, 0.9938492774100276, 0.9939059954740455, 0.9912325435753434,0.0, 14.97328242540362, 11.92414935462918, 5.253393291986615, 7.564535676791892, 10.05031633260319, 10.64980419349562, 11.29601998761823, 8.23983301978604,1
1.0, 0.9999999999999998, 0.9999999999999998, 0.9924611579650724, 0.9925538713489567, 0.9951453863037584, 0.9942237611373872, 0.9940878107764131, 0.9914218775627337,0.0, 15.21094040010614, 12.20714795342732, 5.423407663082269, 7.857089465021894, 10.3241692863512, 10.89736399623108, 11.52951951352704, 8.455850916909972,1
1.0, 0.9999999999999998, 1.0, 0.9923576905534794, 0.9924571125052669, 0.9950298859321389, 0.9939579466521464, 0.9939256026743502, 0.9911863691109738,0.0, 15.178316305913, 12.17840517060056, 5.414644161900419, 7.847438172966327, 10.29830996557014, 10.85814746086438, 11.50060533661427, 8.440121104452922,1
1.0, 1.0, 1.0, 0.9921879512941376, 0.9902326677616015, 0.9941138125488853, 0.9934949071779411, 0.9939919529322364, 0.9917826688422524,0.0, 14.52767335684115, 11.31121449469155, 4.922292984844628, 6.925613147730046, 9.454014989645604, 10.10886455855093, 10.84844471011285, 7.885390403295513,1
1.0, 1.0, 1.0, 0.9916583663562102, 0.9892425286381963, 0.9937706785705269, 0.9934831031031792, 0.9936957417754968, 0.990910293415757,0.0, 14.36817344208797, 11.13586823267447, 4.796663438513791, 6.725892259010608, 9.287256669910422, 9.981025315562082, 10.69572193808593, 7.711901160638066,1
1.0, 1.0, 1.0, 0.9919992704786791, 0.9903426372505512, 0.9940817759246676, 0.9932667960528396, 0.9937142863955611, 0.9911825363981064,0.0, 14.55593611580596, 11.39113187714566, 4.961098269776356, 7.029326410320143, 9.534733908764792, 10.16791420490979, 10.88306019355388, 7.899926609936102,1
1.0, 0.9999999999999998, 0.9999999999999998, 0.9924244034401514, 0.9923463777607875, 0.9951031796446834, 0.9943340012528635, 0.994085816323805, 0.9913195909317466,0.0, 15.12042491183, 12.10154293457818, 5.341137903808846, 7.720157918883971, 10.21961787011349, 10.82558000230563, 11.43904963313191, 8.346411183557622,1
1.0, 0.9999999999999999, 1.0, 0.9917802025382616, 0.9900566162470257, 0.9940810192554929, 0.993593171134394, 0.9937307059573975, 0.9909152684397771,0.0, 14.66445659887727, 11.46837447826794, 5.002751445456973, 7.061701521498497, 9.61199544196854, 10.28895179878574, 10.99120490741729, 7.994178614552019,1
1.0, 1.0, 1.0, 0.9919087605291963, 0.9897854128816912, 0.9940836657089107, 0.9938763315424615, 0.994016950999991, 0.9914929508420175,0.0, 14.62164121245585, 11.40078650464903, 4.966086331238556, 6.989502483378995, 9.544341253454311, 10.22486439249774, 10.94184082352565, 7.954941888522765,1
1.0, 1.0, 0.9999999999999999, 0.9925575758181092, 0.9927505561535447, 0.9951761559651587, 0.9941168276079134, 0.9940631616335825, 0.9914675027721028,0.0, 15.18022935563031, 12.19990606678138, 5.406090747390262, 7.852490939043889, 10.31615935988384, 10.88572791820156, 11.49937214391903, 8.407758357290989,1
1.0, 1.0, 0.9999999999999999, 0.9921006210999198, 0.9915959717716564, 0.9946482540463775, 0.9936996135722258, 0.9937116578712282, 0.990789907023233,0.0, 14.90300401222452, 11.85302491481706, 5.210379153312942, 7.498695869525135, 9.98246234395403, 10.58270495949521, 11.230188246202, 8.178294068110192,1
1.0, 1.0, 0.9999999999999999, 0.9921477361572641, 0.9914660850890002, 0.9947081576371997, 0.994012177703172, 0.9938827165895323, 0.9909949446463481,0.0, 14.86768535125493, 11.81027529784922, 5.182169377472447, 7.451663139708779, 9.938215889039897, 10.53921710412024, 11.19095546269314, 8.140225265241266,1
1.0, 0.9999999999999999, 1.0, 0.9919868623972115, 0.989730981570797, 0.9940077663222311, 0.9936813418342217, 0.9940056350154535, 0.9916390624456435,0.0, 14.50520800986398, 11.28134162560256, 4.902865544837235, 6.89361444148271, 9.42679554818931, 10.08767057043792, 10.82566643013368, 7.860417038030022,1
1.0, 1.0, 0.9999999999999999, 0.9915183284186935, 0.9887349391525906, 0.9935354579996776, 0.9932940995944898, 0.9936192564636431, 0.9908466471680427,0.0, 14.26635624544005, 10.98389946599526, 4.720703392915383, 6.567772801972534, 9.141178743630451, 9.851672866598808, 10.59565538994685, 7.642666781544998,1
1.0, 1.0, 0.9999999999999999, 0.9923554319204968, 0.9921616894836367, 0.9949646717832143, 0.9941031233251724, 0.9940105185552761, 0.9913140721975496,0.0, 15.12986566146883, 12.09499562161342, 5.346819131057608, 7.715448085302252, 10.21652880864476, 10.82726004899075, 11.45021238895296, 8.368671959642192,1
1.0, 0.9999999999999998, 1.0, 0.9924587800744473, 0.9924417076375969, 0.9951295188809399, 0.994315542582514, 0.9941796333843389, 0.9916225812914197,0.0, 15.29987002502992, 12.28141556148403, 5.461061632761933, 7.902075426395736, 10.39883298058016, 11.00169021029833, 11.61634961085625, 8.52367876626739,1
1.0, 0.9999999999999999, 1.0, 0.9912295758488902, 0.9879658329654587, 0.993042502465537, 0.9925565054985374, 0.9931987548454138, 0.9902764847211941,0.0, 13.89189157537685, 10.57546765289459, 4.491223482259562, 6.194606410686167, 8.745102366858461, 9.443788366777937, 10.23082064642473, 7.328492229160924,1
1.0, 1.0, 1.0, 0.992452996737051, 0.9923457079748903, 0.9951300321237825, 0.9944138412765849, 0.9941589849410392, 0.9914379438814943,0.0, 15.13637894228477, 12.0859004337301, 5.351775695538326, 7.705592107109719, 10.20330504092685, 10.80680136883929, 11.45333061913053, 8.392629785907856,1
1.0, 1.0, 1.0, 0.9924026395477311, 0.9924071000649352, 0.9951023559526322, 0.9942746085628812, 0.9940976072341056, 0.9914206338457714,0.0, 15.26358831035076, 12.24800380545647, 5.433689810563582, 7.862680956502345, 10.36609930372186, 10.97621832726196, 11.58194340741381, 8.481534155322171,1
1.0, 0.9999999999999999, 0.9999999999999998, 0.9915024688858378, 0.988761056154836, 0.9935508627561643, 0.9933289640980671, 0.993688086733448, 0.9910369757757085,0.0, 14.4662762488591, 11.19172535978593, 4.842802928506553, 6.760510394656259, 9.34861874883763, 10.07338844379465, 10.79399994564033, 7.81656237184916,1
1.0, 1.0, 1.0, 0.9915340497843487, 0.9884267047082359, 0.993402590534937, 0.9932083264016986, 0.9936719795428639, 0.9910727334279104,0.0, 14.17574139099834, 10.8495753474483, 4.654523348069512, 6.430527280328384, 9.010183493842415, 9.729504474046582, 10.50383374221525, 7.580687866777453,1
1.0, 1.0, 0.9999999999999999, 0.9927194997594636, 0.992589647749261, 0.9953232703805694, 0.9947603833653802, 0.9945071054354342, 0.9921600729993805,0.0, 15.25601493425405, 12.21025165344454, 5.420582963659322, 7.81597011876809, 10.32283354967806, 10.93100943507333, 11.56501026373837, 8.48617436607928,1
1.0, 0.9999999999999999, 0.9999999999999998, 0.9924739590467738, 0.9920612632425753, 0.9948368595712206, 0.9937861989736136, 0.9939770034892181, 0.9915067139386496,0.0, 14.93175536802594, 11.89625734990547, 5.238250218772481, 7.554921733317868, 10.02098267507125, 10.59993792601533, 11.25286865164342, 8.202589098719525,1
1.0, 0.9999999999999999, 0.9999999999999999, 0.9925914873582797, 0.992628654523029, 0.9951247765793846, 0.9940708345069825, 0.9940981456339973, 0.9916004528798669,0.0, 15.11073438392076, 12.11543389890017, 5.368418884741077, 7.783642066468739, 10.23296969907497, 10.78924434385415, 11.42907716951565, 8.363333890373555,1
1.0, 1.0, 0.9999999999999999, 0.9919429760325145, 0.9900461308473942, 0.9940819752155173, 0.9935872542885809, 0.9938232217673801, 0.9911837391810047,0.0, 14.49289503742019, 11.28708746363369, 4.900318816006173, 6.900314287035473, 9.4306845089434, 10.08775940838596, 10.81752632954876, 7.846790237514392,1
1.0, 0.9999999999999999, 1.0, 0.9925371698515171, 0.9918005930999141, 0.9949042572597083, 0.9942668557118653, 0.9943173158926532, 0.9920431193379601,0.0, 15.0082782329722, 11.92441010390006, 5.270687510824707, 7.562442346109484, 10.04745204513021, 10.64267417868837, 11.32161048655796, 8.29156072662349,1
1.0, 0.9999999999999999, 1.0, 0.9917970767439458, 0.9903157426266901, 0.9941473568635717, 0.9934960913297775, 0.9936587816127401, 0.9907970933112644,0.0, 14.68918678614518, 11.54189224625015, 5.04729219090602, 7.173053399079365, 9.683853543628645, 10.32054004956228, 11.01758121550878, 8.01655525358292,1
1.0, 0.9999999999999997, 1.0, 0.991493296434147, 0.9884688943976646, 0.9933204394054316, 0.9929084186106747, 0.9934769207503897, 0.990802008598732,0.0, 14.09505275939703, 10.81435319190524, 4.611040205711468, 6.408135526159954, 8.97702004479122, 9.688026471046507, 10.42761055588637, 7.473071393531725,1
1.0, 1.0, 1.0, 0.99222528448226, 0.9908852914649597, 0.994466052473291, 0.9938815083041379, 0.9940647646183358, 0.9916514613939773,0.0, 14.78530002570963, 11.6549027635439, 5.109823577959989, 7.283220233886466, 9.788894157970216, 10.41365227881831, 11.1044061561388, 8.090571533322386,1
1.0, 0.9999999999999998, 1.0, 0.9911680247537534, 0.9875489984503608, 0.9929883525207004, 0.9928346820156038, 0.9934148578829209, 0.9906495396676428,0.0, 14.01750899273135, 10.65968765342155, 4.553568015367707, 6.254884175954728, 8.830680399879709, 9.55460941776112, 10.35148797982145, 7.455362438457551,1
1.0, 1.0, 0.9999999999999999, 0.9923317214641982, 0.9915092115231665, 0.9945850174301145, 0.9936033896830166, 0.9939523314100128, 0.991585212502081,0.0, 14.9202409372869, 11.807542342771, 5.212130973161112, 7.446825418809805, 9.938560107703855, 10.54817785994559, 11.24191855599865, 8.233276224659651,1
1.0, 0.9999999999999999, 0.9999999999999998, 0.9913164380322042, 0.9877454182668273, 0.9930553184079199, 0.9928686999059789, 0.9935439084554619, 0.9910232561444537,0.0, 14.13765170828958, 10.77490260009722, 4.612717954746885, 6.339758611933985, 8.944215925336934, 9.695425554556506, 10.46867575423876, 7.54699115692487,1
1.0, 1.0, 1.0, 0.9917057413423079, 0.989090353243209, 0.9936201697052203, 0.9931634729706181, 0.9936648681462938, 0.9911006324152717,0.0, 14.27017007280262, 10.99791166599823, 4.744029649113127, 6.610945465717193, 9.153069080502846, 9.831316924739468, 10.59842519070196, 7.668245829929612,1
1.0, 0.9999999999999998, 1.0, 0.9922112618070486, 0.9917818107686396, 0.9947978592222115, 0.9939764112155893, 0.9938408958614515, 0.9909144850063997,0.0, 14.90479623858931, 11.85694568895212, 5.201559970025168, 7.485870615944362, 9.982645235114939, 10.5923947928926, 11.2290231471639, 8.163808860825869,1
1.0, 1.0, 1.0, 0.9915668145613219, 0.9885788729797451, 0.9933540032926965, 0.9928634236198065, 0.9934568997319264, 0.9907691116753937,0.0, 13.95680554619398, 10.68918073142954, 4.544345315842658, 6.319179058826689, 8.85100642860928, 9.524619504902095, 10.28982178724741, 7.361317095268502,1
1.0, 0.9999999999999999, 1.0, 0.9923813484291262, 0.9925888781624914, 0.9950614728882508, 0.9939221660559637, 0.9938593987531497, 0.9910424095947248,0.0, 15.12924765352598, 12.16060138418602, 5.382896462968101, 7.8280381786638, 10.2797175393399, 10.83991287908011, 11.45305123226722, 8.364180417015202,1
1.0, 1.0, 1.0, 0.9915364214697477, 0.9889004917308727, 0.9936512908177222, 0.993460966145082, 0.9936577993367329, 0.9908055855460441,0.0, 14.30527075474113, 11.05648805301188, 4.757601948252077, 6.654051263812588, 9.210866043742488, 9.902251307133154, 10.633687667076, 7.667216884894605,1
1.0, 0.9999999999999999, 0.9999999999999999, 0.9913209548024555, 0.9877294929060324, 0.9930888225258936, 0.9929615014395734, 0.9935177528507549, 0.9908545080409139,0.0, 13.97793136395501, 10.64671044027017, 4.522902939377668, 6.234558130471351, 8.815183616909554, 9.541751727145876, 10.30955424209516, 7.382582039018994,1
1.0, 0.9999999999999999, 0.9999999999999998, 0.9915014128991482, 0.9885190492741425, 0.9934816600781003, 0.9933573890376738, 0.9936900306756197, 0.991012915646308,0.0, 14.28189560352462, 11.00717009899317, 4.722930144525235, 6.582717489326207, 9.165797115314447, 9.886660305225213, 10.60957480906718, 7.63435211047093,1
1.0, 1.0, 1.0, 0.9913767641858866, 0.9879525526450976, 0.9932636705564706, 0.9932657699859064, 0.9936261114778583, 0.9908903534441241,0.0, 14.05089437350254, 10.74025300455928, 4.569852063650587, 6.322707472462072, 8.904342701992332, 9.627860534638934, 10.38003660386, 7.435222230502945,1
1.0, 1.0, 0.9999999999999999, 0.992607226471771, 0.992639284109898, 0.9952861162674377, 0.9945793636173277, 0.9942857843215623, 0.9916826335987884,0.0, 15.17838980661112, 12.17674740151857, 5.386552047106918, 7.804394291125683, 10.29025640613813, 10.87865799972071, 11.4924427683172, 8.396799732716465,1
1.0, 0.9999999999999999, 0.9999999999999998, 0.9628533050427801, 0.9492435593643633, 0.9652667155215469, 0.9466834761874005, 0.9616302087261833, 0.9400182726223425,0.0, 1.623353704656582, -1.273644312535461, -1.922114859782652, -3.076427015229247, -2.385438419559427, -2.862266130325299, -1.28872462692453, -2.796272307082909,2
1.0, 0.9999999999999999, 1.0, 0.9632851227488003, 0.9498637016292041, 0.9656182983456167, 0.9471247290471342, 0.9619726968705077, 0.9406151573821709,0.0, 1.798795160574832, -1.087046162908569, -1.833474718194219, -2.930953639632792, -2.208219967947583, -2.662437666756964, -1.121694902831808, -2.669505366825163,2
1.0, 1.0, 0.9999999999999998, 0.9631994673009268, 0.9498295355857422, 0.9655453693974437, 0.9469372523740387, 0.9618345291854751, 0.9403836955480198,0.0, 1.77999089127439, -1.082656808385055, -1.824959518271599, -2.896961730773933, -2.201885597618202, -2.681906785494177, -1.137106465961885, -2.677915652952479,2
1.0, 1.0, 1.0, 0.9629384815194714, 0.9492732850487191, 0.9653201658819492, 0.9468152900819564, 0.9617448558545213, 0.9402339691558942,0.0, 1.652256565350689, -1.247877569529861, -1.910728769860097, -3.060108446492989, -2.361098136241502, -2.831301641653762, -1.262638298127859, -2.777523749469994,2
1.0, 1.0, 0.9999999999999999, 0.9630571001791187, 0.949334290924489, 0.9653484568598761, 0.9468408796799478, 0.9618357039264342, 0.9404836289976772,0.0, 1.751940639838711, -1.142290848363754, -1.860019150788203, -2.97437817496948, -2.256266361852789, -2.708058231250327, -1.165185567613361, -2.707960654225188,2
1.0, 0.9999999999999999, 0.9999999999999999, 0.9631468473456591, 0.9496636538236407, 0.9654088739960164, 0.9466916305846326, 0.9617621208241004, 0.9404098124447448,0.0, 1.743100206826236, -1.129876716517651, -1.84554750109818, -2.935954411909172, -2.245464302495385, -2.726487093947135, -1.172218741424256, -2.70196851254645,2
1.0, 1.0, 1.0, 0.963179282370855, 0.9496901268879848, 0.9655696220565231, 0.9471508711757088, 0.9619504399030965, 0.9405215615944825,0.0, 1.69976767110986, -1.191787764901553, -1.891113632621582, -3.023830678188898, -2.311663408710406, -2.775225116237671, -1.220175944129136, -2.753110090440362,2
1.0, 1.0, 1.0, 0.9628344277422759, 0.9491132233459779, 0.9651548250897961, 0.9464775063125862, 0.9615815081708036, 0.9400763638606708,0.0, 1.661527512202482, -1.236824799660745, -1.904696167589456, -3.048380363143268, -2.345632260841869, -2.807712606884528, -1.249354174059202, -2.771168113048489,2
1.0, 1.0, 1.0, 0.9631587616385533, 0.949561454909389, 0.9654108179216738, 0.9468002912151918, 0.961847659111562, 0.9405604701186124,0.0, 1.733221299193112, -1.143560242234893, -1.860241629379079, -2.959256407212425, -2.25919969307173, -2.730702443584866, -1.18419850872878, -2.723570570382611,2
1.0, 1.0, 1.0, 0.963149072134977, 0.9494407310547923, 0.9653933573413018, 0.946870461547223, 0.9619046100820857, 0.9406629959566225,0.0, 1.746077794418035, -1.149433854625867, -1.871425845299028, -2.992277468086271, -2.264607440653259, -2.707985659328817, -1.172740530714052, -2.724647577940639,2
1.0, 0.9999999999999999, 0.9999999999999999, 0.9629441866448353, 0.9492255997777184, 0.96526779487401, 0.9467055391294394, 0.9617305184947594, 0.9403001429743681,0.0, 1.654726250740454, -1.244661581150557, -1.912491707169016, -3.06044360418869, -2.356484495184893, -2.820340106144748, -1.259816427201757, -2.782599191077059,2
1.0, 0.9999999999999999, 1.0, 0.9632956546749242, 0.9499463909264962, 0.9657810317685959, 0.9475332955540404, 0.9620697693492678, 0.9405011929657525,0.0, 1.9255257975847, -0.9405944008904813, -1.759661379009618, -2.8014502778826, -2.066107142045479, -2.512002632870933, -0.9973472472618248, -2.573489591663172,2
1.0, 0.9999999999999999, 1.0, 0.9631363618482033, 0.9497209005623936, 0.96554893037355, 0.9470575090358051, 0.9618670462251538, 0.9403621292008301,0.0, 1.69391891359773, -1.199569067906298, -1.89083567270643, -3.027496748586703, -2.318892835918352, -2.785467788053773, -1.223976994386481, -2.748663015929872,2
1.0, 0.9999999999999999, 0.9999999999999999, 0.9630507910148975, 0.9495395086542274, 0.9653496904186903, 0.9466377895965593, 0.9617083830871508, 0.9403008450666812,0.0, 1.652926362263572, -1.238435380466363, -1.907064763305435, -3.047994702765936, -2.35244381044699, -2.826840785415614, -1.261072555072488, -2.778109224717921,2
1.0, 0.9999999999999999, 1.0, 0.9636342051970841, 0.9504604062523557, 0.9659911676592968, 0.9476517311648961, 0.9622748836668666, 0.9410045601258358,0.0, 1.919179468651762, -0.9441300338219122, -1.762134854358721, -2.803115606521201, -2.075243214818193, -2.534084457572572, -1.008727104646811, -2.578400744588487,2
1.0, 1.0, 0.9999999999999999, 0.9631388670358689, 0.9497902145379015, 0.9654909838137242, 0.9468126862977572, 0.9617534123821674, 0.940262353271316,0.0, 1.740664918875779, -1.13177605040864, -1.848841535661914, -2.944004993480363, -2.249554164965575, -2.728762956377883, -1.174440123293759, -2.703947605027708,2
1.0, 0.9999999999999999, 0.9999999999999999, 0.9631050948937873, 0.9496060897431793, 0.965567652100915, 0.9472297438725326, 0.9619054851515594, 0.9403063603391657,0.0, 1.843907499158675, -1.038659013884578, -1.802478784082127, -2.88094295913489, -2.158482117378921, -2.611694041280678, -1.07493231323306, -2.625336406479297,2
1.0, 0.9999999999999999, 0.9999999999999999, 0.9630975618827713, 0.9496175444226642, 0.9655718446780509, 0.9472323138876707, 0.9618946966052172, 0.9402711300220048,0.0, 1.86376413019816, -1.026931388231948, -1.800287067423682, -2.886180497216966, -2.146866310873936, -2.583291359964916, -1.054810767431003, -2.613329865619826,2
1.0, 0.9999999999999999, 1.0, 0.9631369226419118, 0.9495248543895707, 0.9654415019802115, 0.9469295123451872, 0.9618913306148856, 0.9405637376330106,0.0, 1.682676452134649, -1.209459435886996, -1.89581800208397, -3.028691417045346, -2.325917521482189, -2.795522701634649, -1.235815791658444, -2.76281669770652,2
1.0, 0.9999999999999999, 1.0, 0.963065038283637, 0.9495247217479122, 0.9653777733504217, 0.946736920631004, 0.9617561849767713, 0.94034666017681,0.0, 1.669777762044101, -1.218171614010052, -1.894169314399213, -3.024329820987059, -2.332929388740743, -2.812241318452482, -1.245395384020203, -2.762355329206668,2
1.0, 0.9999999999999999, 0.9999999999999998, 0.9628616983845458, 0.9491938762478468, 0.9652464833754082, 0.9466737987426522, 0.961630648897815, 0.9400289793654943,0.0, 1.758054172391798, -1.1354640029705, -1.849397815176109, -2.960852472360504, -2.246718118008246, -2.699810351714442, -1.154034974268948, -2.689555071858814,2
1.0, 1.0, 1.0, 0.9636768058119647, 0.9504896792130602, 0.9659631350474668, 0.9475372638604629, 0.9622753764076492, 0.9411204529678386,0.0, 1.87709611898928, -0.9840680151442109, -1.783475973097664, -2.83243656836313, -2.11443423962524, -2.58242072948021, -1.050822543420573, -2.614217748484228,2
1.0, 1.0, 1.0, 0.9632763678628603, 0.950106791959746, 0.9656791811050418, 0.9470660076153135, 0.9618451526661582, 0.9402874041463154,0.0, 1.910127688067723, -0.9538383482411965, -1.764972829232088, -2.811195507488538, -2.076635649395469, -2.520546106444073, -1.007230566174395, -2.579975321121128,2
1.0, 1.0, 0.9999999999999998, 0.9631200822232329, 0.9495876612472192, 0.9653410089800075, 0.9465638527939589, 0.9617306788033088, 0.940442277424194,0.0, 1.690703382852496, -1.198194507159103, -1.8867045338524, -3.013147782063916, -2.31197127815947, -2.780481914539048, -1.223843232994379, -2.750545363301088,2
1.0, 1.0, 1.0, 0.9631010866387708, 0.9497638072556156, 0.9654700280650695, 0.9467759951096892, 0.9617033386547122, 0.9401471880579908,0.0, 1.789791673835089, -1.077180225050794, -1.81606087374094, -2.889409717180046, -2.194399320412537, -2.672494488783951, -1.124083322242353, -2.658485292553175,2
1.0, 0.9999999999999999, 1.0, 0.9633543337200916, 0.9499050954291615, 0.9656592200502174, 0.9472074169137542, 0.9620498174123329, 0.9407663907631081,0.0, 1.837452687264505, -1.045093529826359, -1.816230511117708, -2.900093706860929, -2.167358575498558, -2.612627271141469, -1.084930610543227, -2.647502480016114,2
1.0, 0.9999999999999998, 1.0, 0.9632400564822499, 0.9498821634886805, 0.9655059589821593, 0.9467655811888027, 0.9618068043225614, 0.9404713461705092,0.0, 1.741993125378298, -1.127061177885367, -1.846223819885186, -2.935212322964505, -2.245238756299509, -2.72931756350803, -1.174423320731449, -2.704486316607504,2
1.0, 0.9999999999999999, 0.9999999999999999, 0.9632057900420882, 0.9496952579606777, 0.9654610199565171, 0.9468181621686181, 0.9618684046852781, 0.9406055591602306,0.0, 1.675880125341423, -1.216423405622616, -1.902081893562057, -3.039857157029928, -2.333402190894437, -2.799793783311475, -1.242049142321646, -2.770544172268078,2
1.0, 1.0, 1.0, 0.9631076861048109, 0.9494530637280945, 0.9654938032231715, 0.9471617367022208, 0.9619444649788685, 0.9404926728939473,0.0, 1.817950383348083, -1.072894286191215, -1.832311706532918, -2.930449625423359, -2.190747609799125, -2.624747830308636, -1.101846532218768, -2.667029988872018,2
1.0, 0.9999999999999998, 1.0, 0.9634771714273908, 0.9500398429555933, 0.9657137892317565, 0.947237523430062, 0.962121025558026, 0.9409524302011509,0.0, 1.931059626871186, -0.9406460667543692, -1.759867706044844, -2.802597128460099, -2.064366125720742, -2.505540139994358, -0.9930714693390956, -2.572470910456132,2
1.0, 0.9999999999999999, 1.0, 0.9634090961120557, 0.9499522137152044, 0.9656164580091829, 0.9470293309303879, 0.9620314830862645, 0.9408888020172856,0.0, 1.79742652903946, -1.07161945983171, -1.823634604218238, -2.896914273036709, -2.192744187075937, -2.6655083326204, -1.124506708715444, -2.673294731155165,2
1.0, 1.0, 0.9999999999999999, 0.9631612735533284, 0.9496256112309603, 0.9656179069763741, 0.9473619574236655, 0.9620108557756402, 0.9404936471274812,0.0, 1.782674756564584, -1.103708576672248, -1.847413683118855, -2.951659886543034, -2.224871944759543, -2.675082766483576, -1.138752112062057, -2.691813187857105,2
1.0, 0.9999999999999999, 0.9999999999999999, 0.962997716077657, 0.9495792719031453, 0.9653102384082136, 0.946479381585676, 0.9615748617763453, 0.9400542908471942,0.0, 1.734121697231232, -1.146782402203775, -1.853286237755017, -2.958497530668317, -2.259738042035817, -2.729854259773011, -1.176596667014234, -2.703405323870493,2
1.0, 1.0, 0.9999999999999999, 0.9631373131530425, 0.9495202468102338, 0.9654136592855947, 0.9468519231078568, 0.9618613437597894, 0.9405503352466881,0.0, 1.738415601546704, -1.155400108857481, -1.873808656721343, -2.996557236889493, -2.271115368215956, -2.71724737305246, -1.179340270010485, -2.72765534805546,2
1.0, 0.9999999999999998, 0.9999999999999999, 0.9632075957117869, 0.9497178084978493, 0.9655859397532992, 0.9471733203864354, 0.9619581290295134, 0.9405224172819939,0.0, 1.811398985985692, -1.071988329850045, -1.826594718152294, -2.917334918541044, -2.192299170819302, -2.643385950501093, -1.108733414094448, -2.662370392602154,2
1.0, 0.9999999999999999, 1.0, 0.9632024435218028, 0.9497982606892119, 0.9655198462005936, 0.9468911785884174, 0.9618324488342109, 0.9404234892939723,0.0, 1.773501677145337, -1.090859005810134, -1.82441853254673, -2.896938270822626, -2.209407014701741, -2.696323548673692, -1.143544589007651, -2.67627652939161,2
1.0, 0.9999999999999998, 0.9999999999999999, 0.9634305754389599, 0.9501693908212572, 0.9658186891493501, 0.9474245597107668, 0.9620994673377287, 0.9406999985189174,0.0, 1.905037912282074, -0.9684750528015428, -1.779813303363387, -2.839819976483632, -2.094991617526201, -2.532312184340762, -1.018564068708379, -2.596236165430884,2
1.0, 1.0, 1.0, 0.9635184701141186, 0.9503835882618471, 0.965949207759767, 0.9476031914903297, 0.9621638369477621, 0.9407165208819298,0.0, 1.962454664183817, -0.9035445415505605, -1.739986601679216, -2.774262404781, -2.033539642005669, -2.478396468450549, -0.9627270991710613, -2.5398260584762,2
1.0, 1.0, 1.0, 0.9629885933383937, 0.9493006376150773, 0.9653488015780405, 0.9468749571250165, 0.9618027934452936, 0.9403498330765804,0.0, 1.676987812558713, -1.223137280427606, -1.902826114085731, -3.047006637923471, -2.337121992438937, -2.79718070053487, -1.239330124524534, -2.766328537240332,2
1.0, 0.9999999999999999, 0.9999999999999998, 0.9632710287573474, 0.9498407885618223, 0.9656640129747246, 0.9472863097092359, 0.9620125652365898, 0.9405745471173873,0.0, 1.849334626200138, -1.033240676722383, -1.808643824143012, -2.890140267621502, -2.155633526473956, -2.599273456210884, -1.072134207985113, -2.63448693816664,2
1.0, 1.0, 1.0, 0.9633600920376507, 0.9498429696878031, 0.9655586866495313, 0.9469648095893266, 0.9620024150586066, 0.9408651822017862,0.0, 1.776780905810526, -1.101011808501621, -1.839624082277217, -2.928865886094375, -2.220595793131486, -2.68773459550055, -1.144438749252763, -2.6903046821863,2
1.0, 0.9999999999999999, 0.9999999999999999, 0.9632130622455267, 0.9498381424485525, 0.9655029812134619, 0.9468019757098237, 0.961809823961434, 0.9404440656920501,0.0, 1.746962336990001, -1.133557824980564, -1.856542139256594, -2.962151397195753, -2.251655972238367, -2.715077551752849, -1.169528272249666, -2.709062318622105,2
1.0, 0.9999999999999999, 0.9999999999999999, 0.9633666584243805, 0.9500785025095699, 0.9656631527651289, 0.9470448838308602, 0.9619406457234758, 0.9405979463375977,0.0, 1.877796932547576, -0.9847119463376838, -1.779266345694122, -2.82756808927055, -2.107081858581707, -2.564691030383381, -1.041906209462346, -2.607121379622391,2
1.0, 0.9999999999999998, 1.0, 0.9629585430051051, 0.9495080889887042, 0.9652691708165684, 0.9464268474109525, 0.961557174283298, 0.9400532571224673,0.0, 1.655788035982307, -1.233154262950256, -1.904477466765309, -3.043822207887662, -2.345013899618479, -2.814002127376625, -1.254495681068394, -2.774639871093206,2
1.0, 1.0, 1.0, 0.963323425259494, 0.9497958767187894, 0.9656569181798625, 0.9473106335357576, 0.9621008842194494, 0.9408179991585404,0.0, 1.788983203675732, -1.10788709990072, -1.856209833666643, -2.973642440863841, -2.230090765325456, -2.66448631121199, -1.134653553409426, -2.696151989916599,2
1.0, 0.9999999999999999, 0.9999999999999999, 0.9630981335400383, 0.9496143977709551, 0.9655118360451712, 0.9470526648230692, 0.9618611763969538, 0.9403491196638476,0.0, 1.708181786936833, -1.186309922138804, -1.885339356023107, -3.018873745445001, -2.304644267945058, -2.764616369755211, -1.209569974637383, -2.74062226992225,2
1.0, 1.0, 0.9999999999999999, 0.9631045955333346, 0.9494700686133639, 0.9654880127535784, 0.9471257962123809, 0.9619268648244358, 0.9404751198368707,0.0, 1.784137603815692, -1.108671314619162, -1.842297359572551, -2.948143773066019, -2.226370174284546, -2.678182417969169, -1.135227171350354, -2.679843110965508,2
1.0, 1.0, 0.9999999999999999, 0.9630041231354897, 0.9492601155088858, 0.9651729749012788, 0.9463844768291997, 0.9616780022333346, 0.9404620424931908,0.0, 1.611240285668246, -1.2832984141364, -1.93169543979263, -3.082966022362988, -2.392590392667929, -2.867528449693143, -1.30201227585493, -2.818671623618195,2
1.0, 1.0, 0.9999999999999998, 0.9634311603424197, 0.950031428538321, 0.9656965253126414, 0.9471924403432443, 0.962072272416229, 0.9408494256185213,0.0, 1.861876283879504, -1.009522872608527, -1.791991496163752, -2.852551885202605, -2.132782632135133, -2.592014560627628, -1.061058200546898, -2.62081991527507,2
1.0, 0.9999999999999999, 1.0, 0.9631102053591346, 0.9494700300416851, 0.965319157492202, 0.9466160772423843, 0.9617844690523017, 0.940553134246456,0.0, 1.660092973059784, -1.236254084788601, -1.912156468784436, -3.056744809366014, -2.349447741648354, -2.81126511024988, -1.255774897075301, -2.784769627592199,2
1.0, 0.9999999999999999, 1.0, 0.96337544821607, 0.9499543904443268, 0.9656966609966547, 0.9472697448234718, 0.9620881392134633, 0.9408201804150523,0.0, 1.753419691202455, -1.136533928690886, -1.862031071713095, -2.977674748337997, -2.259797305974468, -2.720951195486047, -1.169904247119369, -2.709773721586549,2
1.0, 0.9999999999999999, 0.9999999999999998, 0.9632808274268334, 0.9499725163106926, 0.9655738115296528, 0.9468804360662851, 0.9618496765222195, 0.9404864395082022,0.0, 1.785060348091543, -1.080258287559827, -1.826708150293867, -2.902726751597566, -2.200245667235476, -2.673562747081353, -1.132409003467804, -2.677209627611251,2
1.0, 0.9999999999999999, 1.0, 0.9631050737973527, 0.9497353251241232, 0.9654718280551658, 0.946810483678604, 0.9617250669265922, 0.9401785779727162,0.0, 1.815411395237637, -1.0479455986584, -1.805654129482151, -2.869159988532077, -2.165212711908914, -2.634397945686912, -1.098997366384541, -2.646960731699942,2
1.0, 1.0, 0.9999999999999999, 0.963067019135322, 0.9496930002211069, 0.9655192033972921, 0.9469958048491961, 0.9617770411950328, 0.9401508447019586,0.0, 1.743347716338708, -1.135476566047947, -1.856157951499054, -2.961918358046058, -2.254007428925647, -2.72049157801863, -1.172337712275092, -2.70855430020213,2
1.0, 1.0, 0.9999999999999999, 0.9632001513595109, 0.9498275838714463, 0.9656452688050254, 0.9472426275999029, 0.9619357677377062, 0.940385322720093,0.0, 1.823424152986173, -1.05814823838463, -1.820597647254142, -2.909469476262722, -2.180041263930547, -2.628276531763884, -1.096159219467766, -2.651880174278683,2
1.0, 1.0, 1.0, 0.9634890084131312, 0.9501247574473283, 0.9657320661590969, 0.9472071585800367, 0.9620984402649788, 0.9409141776707655,0.0, 1.903432959604348, -0.9684558377527314, -1.773306576571495, -2.824830223984582, -2.092663185761304, -2.540381763965383, -1.020143812739233, -2.591246364129352,2
1.0, 1.0, 1.0, 0.9634111821352405, 0.9499660886101683, 0.9656980339047474, 0.9472614340091822, 0.9621122786105987, 0.9409016757774468,0.0, 1.766461741486032, -1.108486269264252, -1.847146700972405, -2.939151955179732, -2.231786252383039, -2.703515240556881, -1.157454676713341, -2.702853506965955,2
1.0, 1.0, 1.0, 0.9631937991869304, 0.9498356750000211, 0.9655034891242816, 0.9468054683087614, 0.9617928669465051, 0.9403891877309263,0.0, 1.73828696658744, -1.14183293336598, -1.857021164427366, -2.963161381189684, -2.259944629039881, -2.730682310361801, -1.177787167241437, -2.709567019996733,2
1.0, 0.9999999999999999, 1.0, 0.9632694354002971, 0.9496972066612225, 0.9654555626920546, 0.9467991779619831, 0.961907324434333, 0.9407424897683727,0.0, 1.756806906487867, -1.113998199709901, -1.844263362115777, -2.928394545580848, -2.230831398661415, -2.705995839956831, -1.162078069182535, -2.705312564868754,2
1.0, 1.0, 0.9999999999999999, 0.9631015991591285, 0.949599242039557, 0.9653262232068179, 0.9465074773129258, 0.9616994855863367, 0.9404041292946139,0.0, 1.63637852289558, -1.253882579930254, -1.919155307181224, -3.064651223975076, -2.367264790902691, -2.839180327372023, -1.277401817959002, -2.798272215816703,2
1.0, 0.9999999999999999, 1.0, 0.9632480612630322, 0.9498540511185862, 0.9656126254406555, 0.9471183017773408, 0.9619261764651015, 0.9404806540429524,0.0, 1.868776254349448, -1.010779311866128, -1.794814203003545, -2.866978499760952, -2.131801832072939, -2.573391990056708, -1.050571619032, -2.615450004638011,2
1.0, 1.0, 0.9999999999999999, 0.9631578604716768, 0.9498876568931536, 0.9654486505490416, 0.9465876064279768, 0.9616602085619792, 0.940204825381848,0.0, 1.76654933357726, -1.101929311061573, -1.829097602647147, -2.911401834559184, -2.218578108561536, -2.698269423386297, -1.146266073305282, -2.676142034139656,2
1.0, 1.0, 1.0, 0.9633834992409489, 0.9499631945450498, 0.9656408651627381, 0.9470913487043219, 0.962026898571013, 0.94081290090751,0.0, 1.767792020510226, -1.104050073928168, -1.837252248549014, -2.92172579668907, -2.225825670685591, -2.707532402770653, -1.15402867638864, -2.690135080450168,2
1.0, 0.9999999999999999, 0.9999999999999999, 0.9630451696606049, 0.9497305886062724, 0.9654311748170842, 0.9466918077619403, 0.961653403161685, 0.9400801186546567,0.0, 1.664689208910372, -1.213648369064686, -1.893270090762192, -3.019085142001382, -2.329830937709334, -2.812672925708644, -1.247958998346694, -2.764888465899318,2
1.0, 1.0, 1.0, 0.962944046918388, 0.9493214753659266, 0.9653702317485819, 0.9469200660078145, 0.9617461603412085, 0.9401329710424473,0.0, 1.801404862784365, -1.087983350845006, -1.831705833093787, -2.930377610356929, -2.202539895646984, -2.645167013055896, -1.113522043807226, -2.665714787953415,2
1.0, 0.9999999999999999, 1.0, 0.9633819559495347, 0.9498310422888924, 0.9657703999415134, 0.9476168700510049, 0.9622328523303381, 0.9409119526668901,0.0, 1.868823196720714, -1.017038588329857, -1.802637790251038, -2.880629862093088, -2.142267903883019, -2.584888868618311, -1.05805211251575, -2.625352036250153,2
1.0, 0.9999999999999999, 1.0, 0.9631305880230016, 0.9496982183351127, 0.9653720480814226, 0.946546384830527, 0.9617049487338387, 0.9403817691791233,0.0, 1.650474055963425, -1.233387498944599, -1.907951798763957, -3.042727375419582, -2.347992508610841, -2.823767444437113, -1.263440493380035, -2.785886033515691,2
1.0, 1.0, 0.9999999999999999, 0.9630871455314352, 0.9496096514067827, 0.9654742948564959, 0.9469434152569483, 0.961811917193411, 0.940309066350057,0.0, 1.713890708071775, -1.174240882534605, -1.872336625298248, -2.992949870294868, -2.291573801726196, -2.76343440606303, -1.202651311214616, -2.726887373977219,2
1.0, 1.0, 1.0, 0.9634245038234174, 0.9499579899654774, 0.965761699130344, 0.9474623547080386, 0.9621886655474094, 0.940932381631227,0.0, 1.814429071019648, -1.067325785569162, -1.826294455330634, -2.91386988136597, -2.192323147854075, -2.651531303584989, -1.111361983579162, -2.664302376512015,2
1.0, 1.0, 0.9999999999999999, 0.9634487817305992, 0.9500207888478829, 0.965725298288727, 0.9472907628529678, 0.962134608058283, 0.9409401214390277,0.0, 1.828464640676206, -1.055245935818123, -1.823407327732644, -2.911745274456014, -2.179272845081251, -2.626535596063897, -1.095999805074825, -2.657498711700159,2
1.0, 0.9999999999999999, 1.0, 0.9770689021982487, 0.9713982585281572, 0.9837964669732713, 0.9810173551790479, 0.9794051944554497, 0.9599343918186669,0.0, 8.080871969855385, 5.05805149934653, 1.039546157564216, 1.210874880943408, 3.461942698196362, 4.068189420455683, 4.740641586957779, 1.953750653159024,3
1.0, 0.9999999999999998, 1.0, 0.9773444074186236, 0.9719665909833779, 0.9842331101061367, 0.9817847012381081, 0.9797478451979084, 0.9602271594372132,0.0, 8.225711215742255, 5.218904045584, 1.113976879288002, 1.334928011916311, 3.611623968421739, 4.23268046534161, 4.877392438627457, 2.055077272729695,3
1.0, 1.0, 1.0, 0.9773955454859975, 0.9720422681169626, 0.9841361153242653, 0.9813880781322182, 0.9796457153688343, 0.9603017763077397,0.0, 8.188301068897193, 5.195343205517405, 1.113650330163055, 1.348442822442532, 3.590543747748776, 4.180312281208227, 4.842392463090776, 2.040308060286406,3
1.0, 1.0, 0.9999999999999999, 0.977404382560128, 0.971806360469307, 0.9841075531384902, 0.9815774124676808, 0.9797892213215904, 0.9605610011312404,0.0, 8.213808532862954, 5.189371894654792, 1.096658047986391, 1.296685145357531, 3.585303010441285, 4.221183463536528, 4.864513471413186, 2.040611200251631,3
1.0, 1.0, 1.0, 0.9774830297757936, 0.9720771810686116, 0.9843385785741414, 0.9819953281038224, 0.9799158064553247, 0.9605231923083902,0.0, 8.201698701518733, 5.185340247747999, 1.092525721028011, 1.294130106131218, 3.575363446917488, 4.198286586904944, 4.849417372532613, 2.030561579205231,3
1.0, 0.9999999999999998, 1.0, 0.9776354807741425, 0.9723127798223427, 0.9845052072120837, 0.9822629043080872, 0.9800843425112913, 0.960780880928643,0.0, 8.32441128815809, 5.329567392085923, 1.16972640095451, 1.432051583419259, 3.71533135403533, 4.336322149474804, 4.968155322812152, 2.126351765060459,3
1.0, 1.0, 0.9999999999999999, 0.9772791379437562, 0.9716842986578667, 0.983979359745549, 0.9812958921854994, 0.9796109543075533, 0.9602919732414078,0.0, 8.14503528653476, 5.126025498482616, 1.067844803106888, 1.257458462120212, 3.525236162493906, 4.143733818033816, 4.799947134209612, 1.992622269313713,3
1.0, 0.9999999999999999, 0.9999999999999999, 0.9772209050307962, 0.9717674538005894, 0.98408623201015, 0.9815566435344577, 0.9796161470277216, 0.9600570831554178,0.0, 8.233665257150376, 5.209546365422668, 1.109587353390943, 1.312224226139075, 3.60602287081269, 4.247506765683195, 4.888454538817169, 2.064867872178007,3
1.0, 1.0, 1.0, 0.9776948049696794, 0.9724065760252817, 0.9844318559081656, 0.9819304631822037, 0.979997242222061, 0.9608287308977373,0.0, 8.189111121941117, 5.183195667418829, 1.095963884802662, 1.308823496451753, 3.57083438600343, 4.173114532131267, 4.834909084253653, 2.025819177653015,3
1.0, 0.9999999999999999, 1.0, 0.9771786624795892, 0.9717288189521348, 0.9839511001704995, 0.9811625181791677, 0.9794540731716265, 0.9599392758945979,0.0, 8.10708737802576, 5.08057321807566, 1.048846022802286, 1.217331161978357, 3.480506967676496, 4.095373822877575, 4.76570282115111, 1.975553865712645,3
1.0, 1.0, 1.0, 0.97714393354422, 0.9716280087166228, 0.9839296894279472, 0.9811864375834807, 0.9794573105899792, 0.9599181021760785,0.0, 8.03823041624504, 5.013943812939424, 1.012941575889178, 1.165854719570595, 3.414425435510742, 4.01515049833455, 4.696769418574867, 1.918048919756979,3
1.0, 0.9999999999999999, 0.9999999999999999, 0.977368964663578, 0.9720661348209344, 0.9840793907273916, 0.9811952384366958, 0.9795469850504984, 0.9601920743417294,0.0, 8.165262768867821, 5.166146911686525, 1.098823950443265, 1.318789860781099, 3.562798421020622, 4.156103943357266, 4.821684625679067, 2.025153176860234,3
1.0, 1.0, 0.9999999999999998, 0.977567607710984, 0.9720029911028919, 0.9842394664280819, 0.981749442727866, 0.9799398859459842, 0.9608279224508095,0.0, 8.10769543700735, 5.088974283337178, 1.046514840124853, 1.226001929491748, 3.481531663401894, 4.081588489511548, 4.754846143639065, 1.958761870484767,3
1.0, 1.0, 1.0, 0.9772451648806196, 0.9717160769652935, 0.984093550786225, 0.9816092353579954, 0.9796735386326725, 0.9601694677272948,0.0, 8.182416383007498, 5.166536240060041, 1.090651420469119, 1.293091061984576, 3.562825529912386, 4.180160203438826, 4.835851119556977, 2.026310207401202,3
1.0, 0.9999999999999999, 0.9999999999999998, 0.9774697158564213, 0.9721102133129446, 0.9842655285169741, 0.9817142782472914, 0.979804030451809, 0.9604627814810897,0.0, 8.220327022205684, 5.233413628104748, 1.128600158121906, 1.377436233067319, 3.625304577008405, 4.217369711253462, 4.870682555747552, 2.056434948271197,3
1.0, 0.9999999999999999, 1.0, 0.9774022588614403, 0.9719746097736112, 0.9841679410628823, 0.9815594397057, 0.9797302355938303, 0.9603895055021052,0.0, 8.196961854775838, 5.197531298440587, 1.111528249395077, 1.340220334567696, 3.591917845582637, 4.190096119303592, 4.849058609572035, 2.042083177641474,3
1.0, 0.9999999999999999, 0.9999999999999999, 0.9774216269985554, 0.9720175915647786, 0.984133482575912, 0.9813974765184786, 0.9796757351869888, 0.960370992358349,0.0, 8.070763407237692, 5.065723112967047, 1.04142685049414, 1.2276622434856, 3.460990994609135, 4.042083935224199, 4.724146304562095, 1.941975837635862,3
1.0, 1.0, 0.9999999999999999, 0.9771813313989169, 0.9716606270865626, 0.9840162166245633, 0.9814382977175571, 0.9795753419898318, 0.9600471448881431,0.0, 8.227801590854817, 5.211435568348917, 1.117173041980412, 1.332672613947522, 3.609703233531246, 4.236250185791014, 4.883554049190715, 2.067366774221329,3
1.0, 1.0, 0.9999999999999999, 0.977377899029214, 0.9717424192802449, 0.9841408903543907, 0.9817189056444062, 0.9798310091680452, 0.9605327945437595,0.0, 8.15352389728034, 5.134679141182943, 1.073776937616421, 1.267523204897694, 3.529757550565561, 4.138432830044288, 4.803242927265722, 2.000305770921808,3
1.0, 0.9999999999999999, 0.9999999999999999, 0.9774673724492771, 0.9718502122085383, 0.9842065641664063, 0.981828691004577, 0.9799233217166954, 0.9607226086515286,0.0, 8.270809866848571, 5.259036207320412, 1.134213472019908, 1.366912854087013, 3.652434983212086, 4.282614975941222, 4.918351271697984, 2.084032740527507,3
1.0, 0.9999999999999999, 1.0, 0.9772282175087978, 0.9716813707894367, 0.9839337436839346, 0.9811389500727105, 0.9795102291483757, 0.9601261520608206,0.0, 8.064847932459005, 5.04642053294236, 1.034478993352, 1.205820941923527, 3.446798410389531, 4.040054444433688, 4.722137517344334, 1.943160327772672,3
1.0, 1.0, 1.0, 0.9776032844513336, 0.9723411927962461, 0.9844478546091234, 0.9820561310455237, 0.9799770121034715, 0.9606624434346741,0.0, 8.336987969925675, 5.350288003047717, 1.184329699690658, 1.461130517865288, 3.73751779113142, 4.353377916183303, 4.983263038833432, 2.141611796331143,3
1.0, 0.9999999999999999, 1.0, 0.9774557705159266, 0.9722083796883539, 0.9843493280923036, 0.9818948232039791, 0.9798235801324561, 0.9603538143376569,0.0, 8.333181706647524, 5.337499721664932, 1.18241669684784, 1.448112581033231, 3.727248101944869, 4.348184411973044, 4.983076004633285, 2.149295684852518,3
1.0, 0.9999999999999999, 0.9999999999999999, 0.977383517269924, 0.9719617494275595, 0.9842054786446888, 0.981697758248759, 0.9797573495045788, 0.9603348586016248,0.0, 8.17103309318315, 5.160098360248919, 1.08432887717921, 1.28698463623563, 3.553524896795384, 4.165296933657522, 4.822490050689893, 2.012973241272536,3
1.0, 0.9999999999999999, 1.0, 0.9772784444875534, 0.9719660981739724, 0.9841274556164012, 0.9814453219611899, 0.9795772454478847, 0.9600399598545285,0.0, 8.231636472746924, 5.237119956175639, 1.137812052490028, 1.381862303886229, 3.63254199453321, 4.230817555471314, 4.887343999280906, 2.08053256426532,3
1.0, 1.0, 1.0, 0.9775854733525253, 0.9721372720857663, 0.9843174409234801, 0.9818732979135535, 0.9799607095809086, 0.9607883813643886,0.0, 8.263429158715914, 5.25323578125612, 1.130986929581733, 1.360762646511934, 3.643799398319649, 4.269273873935711, 4.910088721373488, 2.08027275254667,3
1.0, 1.0, 1.0, 0.9773175120815037, 0.9721233799616803, 0.9840993646026893, 0.9811958800031041, 0.9794763308901786, 0.9599762661759994,0.0, 8.148705932241636, 5.154261777923986, 1.091216916004374, 1.309082598301027, 3.550402351512377, 4.140655874904621, 4.806795844743583, 2.011944332248433,3
1.0, 1.0, 1.0, 0.9772552749022164, 0.9718172537373074, 0.984164522093318, 0.9817187877785033, 0.979686998751105, 0.9600938632713102,0.0, 8.159941892893372, 5.139523140955559, 1.078250150056945, 1.26758711608601, 3.533997131037892, 4.146360097433529, 4.813058971283412, 2.014309559173603,3
1.0, 1.0, 1.0, 0.9770132704694916, 0.9713673483802895, 0.9837499630815684, 0.9809022573690176, 0.9793206103624719, 0.9597906625889225,0.0, 8.049115550345523, 5.030540841782333, 1.024798667854526, 1.191805543724332, 3.435622458044251, 4.035907077018034, 4.71088274743203, 1.928155079245969,3
1.0, 0.9999999999999998, 1.0, 0.9775439286286818, 0.9721791003561799, 0.984214062380493, 0.9814965292551834, 0.9797788953431562, 0.9606056758222686,0.0, 8.19194945268258, 5.198489408438371, 1.105510773845005, 1.336900208186006, 3.591696430207679, 4.192248031894525, 4.842898028019508, 2.02681418416056,3
1.0, 1.0, 0.9999999999999999, 0.977411510652478, 0.9720330413322616, 0.9841842851081973, 0.9815471941412497, 0.9797144146206471, 0.960354949853274,0.0, 8.184677209172198, 5.191932377242501, 1.106231870110116, 1.337813906057985, 3.585900921241989, 4.18022209705321, 4.837147303526915, 2.028366250131017,3
1.0, 1.0, 1.0, 0.9773331475624385, 0.9716385157491222, 0.9839698638778442, 0.9812899160291368, 0.9796755641914491, 0.9604802939410944,0.0, 8.062233710101227, 5.046244195818541, 1.030062821060276, 1.205280004756079, 3.445697828143488, 4.037269612680192, 4.715620642951183, 1.929898800799209,3
1.0, 1.0, 1.0, 0.9773101120383337, 0.9720391611609583, 0.9840899161340815, 0.9812486554066001, 0.9795103503035781, 0.9600204235441302,0.0, 8.08741211524143, 5.085040740876278, 1.052417934194309, 1.243595984278195, 3.481423005370064, 4.068241143158581, 4.74469883979476, 1.959734267461656,3
1.0, 1.0, 1.0, 0.9773142235698817, 0.9717761225151198, 0.9841437421605213, 0.9817088553896623, 0.9797527428686335, 0.960314249858128,0.0, 8.185334210894434, 5.165566177772028, 1.084651669757354, 1.280746730668988, 3.560571645971235, 4.186656469866518, 4.836899866830778, 2.020330770775284,3
1.0, 0.9999999999999999, 1.0, 0.9774632731130892, 0.9719302866373496, 0.984050851119487, 0.9812407786645986, 0.9796915100742234, 0.9605799378617673,0.0, 8.067533022058305, 5.059451347578783, 1.034788333964444, 1.2179627333212, 3.456832945221192, 4.045458012721779, 4.720543635532594, 1.93134541043188,3
1.0, 1.0, 1.0, 0.977536521220653, 0.9723990457975674, 0.9843947093589988, 0.9818423948780197, 0.9798240558497332, 0.9604096354183875,0.0, 8.347178280074983, 5.354619314120214, 1.190767309383094, 1.462307679200117, 3.74320756336543, 4.365184667482458, 4.997061354712674, 2.160313720840793,3
1.0, 1.0, 1.0, 0.9773950744030059, 0.9721021750305758, 0.9842438804027629, 0.9816769855577764, 0.9797187572288741, 0.9602466729884888,0.0, 8.231757054334091, 5.231721851100376, 1.122240487536943, 1.352954293044269, 3.624166359124116, 4.239898531584355, 4.884124671551106, 2.06201156897369,3
1.0, 1.0, 1.0, 0.9776641619561233, 0.9723008695465236, 0.9844507529322175, 0.9820956600451975, 0.980062515935764, 0.9608731858013968,0.0, 8.292479226152398, 5.300190489325316, 1.160688422022616, 1.422049228536695, 3.68734619715291, 4.292040999009536, 4.936737920166475, 2.108795879352031,3
1.0, 0.9999999999999999, 1.0, 0.977226440444269, 0.9715712806750818, 0.9839201912325718, 0.9812268000647486, 0.9795698104099045, 0.9602319222215981,0.0, 8.091089482497487, 5.068640868397142, 1.035868327453773, 1.206312082625355, 3.469365545762288, 4.084513430610263, 4.746972516937047, 1.946824930293335,3
1.0, 1.0, 0.9999999999999999, 0.9772321261272362, 0.9717940802578251, 0.9840139532917332, 0.9812820146049364, 0.9795264257406563, 0.9600471179491551,0.0, 8.154863392550414, 5.146300918292318, 1.082638224482758, 1.286565602525429, 3.544626489608536, 4.152869127272185, 4.811770601924208, 2.008547351890272,3
1.0, 0.9999999999999999, 0.9999999999999999, 0.9775670482316571, 0.9720790705623936, 0.9842912935836474, 0.9818311505710686, 0.9799450225550949, 0.9607734901090438,0.0, 8.191701820784285, 5.191397552674394, 1.100632292776327, 1.324945646792433, 3.582629703584792, 4.183593665412261, 4.838731373823039, 2.023881813159884,3
1.0, 1.0, 1.0, 0.9775082962070273, 0.9719363992456794, 0.9842197810485815, 0.9817461858646935, 0.9799023069937131, 0.960719187351074,0.0, 8.112547338019963, 5.109825510398363, 1.058599039748143, 1.25990777496, 3.502886289064443, 4.09088773731138, 4.760584434838635, 1.961460147786316,3
1.0, 1.0, 1.0, 0.977718508732065, 0.9724900053026261, 0.9844742686628722, 0.9819794745930279, 0.980015424143417, 0.9608465586729777,0.0, 8.290505656095867, 5.298413868182385, 1.15894386577047, 1.417332783151154, 3.684968538798116, 4.291873865800422, 4.93587483464433, 2.108219166710154,3
1.0, 0.9999999999999998, 1.0, 0.9774468016119191, 0.9719561131948785, 0.9841596558420029, 0.9815773769054317, 0.9797801923923516, 0.9605348848917203,0.0, 8.200828696696481, 5.189151649111787, 1.094094210312966, 1.303432439830008, 3.583750098701243, 4.210409862179623, 4.851746668435184, 2.025949947988004,3
1.0, 1.0, 1.0, 0.9771841219328021, 0.9715125944479959, 0.9839684882538322, 0.9814472883174085, 0.9796246906755385, 0.9601883428182495,0.0, 8.186528163733291, 5.161722884578184, 1.085104235649395, 1.278745409858031, 3.561211715081501, 4.194029895423096, 4.841115789072826, 2.023913700032204,3
1.0, 0.9999999999999998, 0.9999999999999999, 0.977415820539149, 0.9719090992898424, 0.9840712058660025, 0.9813273115831729, 0.9796806139899423, 0.9604533596871774,0.0, 8.043760025774692, 5.021081405041791, 1.016218634811322, 1.174116664644088, 3.417942291297737, 4.010841140221642, 4.697027783024013, 1.919144992396403,3
1.0, 1.0, 1.0, 0.9775961706598751, 0.9722084240789416, 0.984361778418142, 0.9819249846949314, 0.9799591420438893, 0.96072047941237,0.0, 8.161483161670441, 5.148015208041654, 1.072316087311339, 1.266764939949886, 3.537445295312488, 4.149673265099252, 4.80817969529384, 1.996339366263003,3
1.0, 1.0, 0.9999999999999998, 0.9772306112326322, 0.9716844338528376, 0.9840417249888659, 0.9815021038040656, 0.9796325982403509, 0.9601648327821845,0.0, 8.223085041181177, 5.205497158596189, 1.104744098764979, 1.313477500792688, 3.603112226916378, 4.241477992120961, 4.877486027085942, 2.048720553669462,3
1.0, 0.9999999999999999, 1.0, 0.9774300271596132, 0.9720177382613515, 0.9842366231340128, 0.981748944428638, 0.9798090038303898, 0.9604616766069074,0.0, 8.32445566972565, 5.330294798291559, 1.174164346378814, 1.44068919816737, 3.722924886293602, 4.349511939391506, 4.974693864469929, 2.131556851902274,3
1.0, 1.0, 1.0, 0.9773058959778445, 0.9718429194719718, 0.9841342018526436, 0.981600115827363, 0.9796863912685613, 0.9602081969408348,0.0, 8.120012929037461, 5.096276777875918, 1.05321655703881, 1.227293323466385, 3.491526262107246, 4.102658260951428, 4.77314434378731, 1.978536809460381,3
1.0, 0.9999999999999998, 1.0, 0.9772880305785692, 0.9719160675676404, 0.9842251682040564, 0.9818123461127599, 0.9797189945262025, 0.9601076102700475,0.0, 8.218263325287687, 5.20414904989998, 1.108776140160571, 1.319128891900658, 3.597072064915279, 4.219434431395613, 4.870625342776806, 2.055318652053944,3
1.0, 1.0, 1.0, 0.9773707723597607, 0.9720451621259546, 0.9840682269499144, 0.9811773108541787, 0.9795476254105336, 0.9602120223653002,0.0, 8.143609748747103, 5.150334473959041, 1.08864663748898, 1.309586439597933, 3.547271564838868, 4.134570759237327, 4.800016488643245, 2.003376954841958,3
1.0, 1.0, 0.9999999999999999, 0.9773417631462326, 0.9719966233677828, 0.9840857289254529, 0.9812741453445185, 0.9795680872195816, 0.9601748827919427,0.0, 8.143915143874832, 5.152249504251508, 1.091944665317677, 1.316188082777662, 3.548738878750647, 4.130331245084504, 4.799838855521225, 2.006811344347571,3
1.0, 0.9999999999999998, 1.0, 0.977509388859677, 0.9721703081008339, 0.9842748785120097, 0.9816841404807175, 0.9798080198544213, 0.960493610266177,0.0, 8.126089698220294, 5.119515297321586, 1.065148800565816, 1.261204001357872, 3.511167167840784, 4.105217678431765, 4.77635110818295, 1.980309829912619,3
1.0, 1.0, 1.0, 0.9771470479375867, 0.9716311292075821, 0.9840152216697391, 0.9814326211183637, 0.9795451216380442, 0.9599417438080322,0.0, 8.096702237799567, 5.088538756522955, 1.056487268989827, 1.247713834112651, 3.48683187706845, 4.075833041432049, 4.753168084089151, 1.968148320417238,3
1.0, 0.9999999999999999, 1.0, 0.9772758295507293, 0.9718589445804466, 0.9840928979328015, 0.9814454147317225, 0.9796061183333512, 0.9601256069548249,0.0, 8.189572860059219, 5.19317111186377, 1.111653758819645, 1.34235471856102, 3.589477101694373, 4.184887086883069, 4.844598854570766, 2.040588469351531,3
1.0, 1.0, 0.9999999999999999, 0.9773729697350517, 0.972039851729336, 0.9841333326858785, 0.9814045990507017, 0.9796289882481658, 0.960243269700378,0.0, 8.226746819037231, 5.221523299990376, 1.121716639299734, 1.348126496912781, 3.616795015480823, 4.232915737328139, 4.881233009900387, 2.065317791964207,3
1.0, 0.9999999999999999, 1.0, 0.9774436838318784, 0.971886859373397, 0.9841526619733302, 0.98159735732605, 0.9798079150654897, 0.9605845544502996,0.0, 8.144081822295098, 5.141637578083173, 1.078011988914321, 1.289196856536908, 3.536414905615757, 4.130334750788487, 4.794345704572017, 1.991224740330146,3
1.0, 0.9999999999999999, 0.9999999999999999, 0.9774233748738661, 0.9719921907357608, 0.984204628879807, 0.9816463246284376, 0.9797742462654706, 0.9604307104866808,0.0, 8.17662067904687, 5.17595632464993, 1.102134464429464, 1.324716073584443, 3.569404592749226, 4.159679820664926, 4.827678949075532, 2.029049912875896,3
1.0, 0.9999999999999999, 0.9999999999999999, 0.9772794557402973, 0.9717558787410704, 0.983927066493972, 0.9810437818515204, 0.9795021094357206, 0.9601969206080669,0.0, 8.037614054762136, 5.020154695035546, 1.017187631855478, 1.180524629655526, 3.420703436861884, 4.013570724265597, 4.695095338158612, 1.915883730486313,3
1.0, 1.0, 1.0, 0.977487475415681, 0.9720420218935759, 0.984194770052424, 0.9815889704633894, 0.979798109237188, 0.9605772472117978,0.0, 8.215807322446631, 5.213990704784285, 1.110161201496665, 1.336945454851378, 3.607691101666525, 4.224156571268165, 4.866302559117832, 2.041026364121431,3
1.0, 0.9999999999999999, 0.9999999999999999, 0.9777464046792008, 0.9724586737550334, 0.9843812986910065, 0.9817045306089723, 0.9799565940465597, 0.9609244896232615,0.0, 8.150369827849449, 5.158197673778671, 1.08811529443004, 1.311098321902142, 3.547128742400315, 4.125265947842776, 4.797126457261866, 1.999453123070627,3
1.0, 1.0, 1.0, 0.9775160642140951, 0.9723245895995096, 0.9843267111189584, 0.9817035841114619, 0.979776826424479, 0.9603971788302291,0.0, 8.2626933407059, 5.266308246136869, 1.142311288204802, 1.3858606283207, 3.656634852661106, 4.270275197974471, 4.91369073189226, 2.089782820472964,3
1.0, 0.9999999999999999, 0.9999999999999999, 0.9775985144428772, 0.972151617916342, 0.9842086559646932, 0.9814934980637681, 0.9798386589993706, 0.9607714013281949,0.0, 8.09104015451315, 5.082930404073285, 1.049044253690312, 1.238402447764313, 3.476275685451886, 4.060156887654098, 4.740578710431905, 1.953960683415301,3
1.0, 1.0, 0.9999999999999999, 0.9772006131482823, 0.9715920716358152, 0.9839065701720857, 0.9811581242051364, 0.9795183453708207, 0.960143185175483,0.0, 8.115377616462094, 5.100044417767052, 1.058212817783249, 1.246246088410788, 3.501117661272006, 4.108615344450397, 4.772475588667511, 1.974719485539236,3
1.0, 0.9999999999999999, 1.0, 0.9773372367124775, 0.971818354947493, 0.9841983037716115, 0.9818206626834217, 0.9798029909372286, 0.9603510598620736,0.0, 8.208500082029133, 5.195442287888725, 1.107070749768852, 1.321023206448081, 3.589052313104986, 4.202076204310218, 4.858880141390253, 2.04797606628636,3
1.0, 0.9999999999999999, 1.0, 0.9774926918455591, 0.971917791982406, 0.9841995338091001, 0.9817214695274074, 0.9798858820008397, 0.9607037947041133,0.0, 8.168841595169901, 5.160223649634697, 1.082093670820348, 1.289978894588092, 3.553802217931618, 4.162924939147715, 4.817266138130226, 2.002773491227773,3
1.0, 0.9999999999999999, 0.9999999999999999, 0.977485802606581, 0.9718854492944394, 0.9842344439710179, 0.9818771631268697, 0.979944577282124, 0.960739782823954,0.0, 8.26403869243969, 5.254849089204821, 1.129639562678486, 1.362219445921444, 3.647534902485944, 4.276835619630989, 4.911078747767413, 2.074793761339758,3
1.0, 1.0, 1.0, 0.9772861538761904, 0.9718158933023355, 0.9841944861645474, 0.9818147544112173, 0.9797531966341294, 0.9602105298626187,0.0, 8.24308551483023, 5.235076173749311, 1.128388075432828, 1.357106458488408, 3.62878383083644, 4.245513600832975, 4.894640463655656, 2.076684574202333,3
1.0, 1.0, 0.9999999999999999, 0.9775138637882682, 0.9720666350865514, 0.9843034837513978, 0.9818969541350463, 0.9799211940332524, 0.9606397975769501,0.0, 8.242483089739018, 5.230984769039359, 1.121661669264077, 1.344590059505588, 3.621905237523343, 4.24190353925833, 4.890074681012066, 2.068333763424762,3
